timestamp,course_enrolled,hear_ccm_website,hear_social_media,hear_community_event,hear_family_friend,hear_current_student,hear_alumni,hear_hs_teacher,hear_hs_counselor,hear_inapp_ad,hear_employer,hear_billboard,hear_tv,hear_radio,hear_other,event_open_house,event_instant_decision_day,event_oncampus_info_session,event_titans_tuesday_virtual,event_women_who_dare,event_college_fair,event_hs_sharetime_session,event_challenger_program,event_cybersecurity_program,event_hs_info_session,event_hs_campus_visit,event_individual_campus_visit,event_workforce_class,event_corporate_training,event_teens_arts,event_ccm_summer_camp,impact_hs_computing_class,impact_hs_computing_club,impact_ap_computing_class,impact_dual_enrollment,degree_program,motivation_job,motivation_transfer_bachelors,motivation_transfer_hs,motivation_career_advancement,motivation_career_change,motivation_professional_dev,motivation_job_displacement,motivation_relocation,motivation_keep_current,motivation_certifications,motivation_financial,motivation_enrichment,info_hs_counselor,info_hs_teacher,info_ccm_website,info_ccm_admissions,info_ccm_advisor,info_employer,info_ccm_workforce_development,info_nj_workforce_development,info.other,gender,age
2024/09/09 12:33:58 PM AST,CMP 128 Computer Science I,Yes,Yes,Yes,Yes,Yes,Yes,Yes,Yes,No,No,No,No,No,No,No,No,No,No,No,No,No,No,No,No,No,Yes,No,No,No,Yes,No Impact,No Impact,No Impact,No Impact,Mechanical Engineering Technologies ,,,,,,,,No Response,No Response,No Response,No Response,No Response,No Response,No Response,,,,No Response,No Response,No Response,,Man,21-24
2024/09/09 6:00:11 PM AST,,No,No,Yes,No,No,No,Yes,Don't recall,No,No,No,No,No,Don't recall,Yes,No,No,No,No,Not Sure,No,No,No,No,No,No,No,No,No,Not Sure,,,,,CIS Game Development Option,Yes,No,No,No,No,No,No,No,No,No,No,Yes,Don't recall,Don't recall,No,No,No,No,No,No,Don't recall,Man,18 and younger
2024/09/10 9:00:12 AM AST,CMP 128 Computer Science I,No,No,No,Yes,No,Yes,No,Yes,No,No,No,No,No,No,No,No,No,No,No,No,No,No,No,No,No,No,No,No,No,No,Some Impact,Some Impact,No Impact,No Impact,Computer Science,Yes,Yes,No,No,No,Yes,No,No,Yes,No,No,No,No,No,No,Yes,No,No,No,No,No,Man,18 and younger
2024/09/10 12:34:53 PM AST,CMP 128 Computer Science I,Yes,Yes,Yes,Yes,No,No,Yes,Yes,No,No,Yes,Yes,No,No,Yes,No,Yes,No,No,No,No,No,No,Yes,Yes,Yes,No,No,No,No,High Impact,High Impact,No Impact,No Impact,Mechanical Engineering,,,,,,,,No Response,No Response,No Response,No Response,No Response,No Response,No Response,,,,No Response,No Response,No Response,,Man,19-20
2024/09/10 3:06:47 PM AST,CMP 128 Computer Science I,No,No,No,Yes,No,No,Yes,No,No,Yes,No,No,No,No,No,No,No,No,No,No,No,No,No,No,No,No,No,No,No,No,Some Impact,No Impact,No Impact,No Impact,Computer Science,Yes,Yes,No,Yes,No,No,No,No,Yes,No,No,Yes,Don't recall,Don't recall,No,No,No,Yes,No,No,Yes,Man,19-20
2024/09/10 3:07:28 PM AST,CMP 128 Computer Science I,No,No,No,No,No,Yes,No,No,No,Yes,No,No,No,No,No,No,No,No,No,No,No,No,No,No,No,No,No,No,No,No,No Impact,No Impact,No Impact,No Impact,Undecided,,,,,,,,No Response,No Response,No Response,No Response,No Response,No Response,No Response,,,,No Response,No Response,No Response,,Man,21-24
2024/09/10 3:07:36 PM AST,CMP 128 Computer Science I,Yes,Yes,Don't recall,Yes,No,No,Yes,Yes,No,No,No,No,No,No,No,No,No,No,No,No,No,No,No,No,No,No,No,No,No,No,Some Impact,Some Impact,Some Impact,Some Impact,Business Admin,,,,,,,,No Response,No Response,No Response,No Response,No Response,No Response,No Response,,,,No Response,No Response,No Response,,Man,19-20
2024/09/10 3:07:42 PM AST,CMP 128 Computer Science I,Yes,Yes,No,Yes,Yes,Yes,Yes,Yes,No,No,No,No,No,No,No,No,No,No,No,No,No,No,No,No,No,No,No,No,No,No,No Impact,No Impact,No Impact,No Impact,Undecided,,,,,,,,No Response,No Response,No Response,No Response,No Response,No Response,No Response,,,,No Response,No Response,No Response,,Woman,19-20
2024/09/10 3:07:51 PM AST,CMP 128 Computer Science I,No,No,No,No,No,No,Yes,Yes,No,No,No,No,No,No,No,No,Yes,No,No,No,No,No,No,Yes,Yes,No,No,No,No,No,No Impact,Some Impact,No Impact,Some Impact,"Technical Studies, Applied Associate of Science",Yes,Yes,No,Yes,No,Yes,No,No,No,No,Yes,Yes,Yes,Yes,Don't recall,Yes,Yes,Yes,No,No,No,Woman,18 and younger
2024/09/10 3:08:06 PM AST,CMP 128 Computer Science I,No,No,No,Yes,No,No,No,No,No,No,No,No,No,No,No,No,No,No,No,No,No,No,No,No,No,No,No,No,No,No,No Impact,No Impact,High Impact,No Impact,Computer Science,Yes,Yes,No,Yes,No,No,No,No,No,No,Yes,No,No,No,No,No,No,No,No,No,No,Man,18 and younger
2024/09/10 3:08:12 PM AST,CMP 128 Computer Science I,No,No,No,Yes,No,No,Yes,Yes,No,No,No,No,No,No,No,No,No,No,No,No,No,No,No,No,No,No,No,No,No,No,No Impact,No Impact,No Impact,No Impact,Information Security Certificate of Achievement,Yes,Yes,No,No,No,No,No,No,Yes,Yes,Yes,Yes,Yes,Yes,Yes,Yes,Yes,No,No,No,No,Man,19-20
2024/09/10 3:08:18 PM AST,CMP 128 Computer Science I,Yes,Yes,No,No,No,No,No,No,No,No,No,No,No,No,Yes,Yes,Yes,No,No,No,Yes,No,No,Yes,No,Yes,No,No,No,No,No Impact,No Impact,No Impact,No Impact,electrical engineering technology,,,,,,,,No Response,No Response,No Response,No Response,No Response,No Response,No Response,,,,No Response,No Response,No Response,,Man,18 and younger
2024/09/10 3:08:20 PM AST,CMP 128 Computer Science I,No,No,No,No,Yes,No,Yes,No,No,No,No,No,No,Yes,Yes,No,No,No,No,No,No,No,No,No,No,Yes,No,No,No,No,High Impact,High Impact,No Impact,No Impact,Computer Science,Yes,No,No,No,No,No,No,No,Yes,No,Yes,Yes,No,No,No,No,No,No,No,No,No,Man,18 and younger
2024/09/10 3:08:38 PM AST,CMP 128 Computer Science I,No,Yes,No,Yes,No,No,Yes,Yes,No,No,Yes,No,No,No,No,No,No,No,No,No,No,No,Yes,No,No,Yes,No,No,No,No,No Impact,No Impact,No Impact,No Impact,Information Security Certificate of Achievement,Yes,Yes,No,No,Yes,Yes,No,No,No,Yes,Yes,Yes,No,No,No,No,No,No,No,No,Yes,Man,25-34
2024/09/10 3:08:43 PM AST,CMP 128 Computer Science I,Yes,No,No,No,No,No,No,No,No,No,No,No,No,Yes,No,No,No,No,No,No,No,No,No,No,No,No,No,No,No,No,No Impact,No Impact,No Impact,No Impact,Computer Science,Yes,Yes,Yes,Yes,Yes,Yes,No,No,Yes,Yes,Yes,Yes,No,No,No,No,No,No,No,No,No,Man,25-34
2024/09/10 3:08:50 PM AST,CMP 128 Computer Science I,No,No,No,No,Yes,No,No,No,No,No,No,No,No,No,No,No,No,No,No,No,No,No,No,No,No,No,No,No,No,No,No Impact,No Impact,No Impact,No Impact,Computer Science,Yes,Yes,No,Yes,Yes,No,Yes,No,No,No,Yes,Yes,No,No,No,No,No,No,No,No,Yes,Man,18 and younger
2024/09/10 3:09:36 PM AST,CMP 128 Computer Science I,No,No,No,Yes,Yes,Yes,Yes,Yes,No,No,No,No,No,Don't recall,No,No,No,No,No,No,No,No,No,Yes,No,Yes,No,No,No,No,No Impact,No Impact,No Impact,No Impact,Liberal Arts,,,,,,,,No Response,No Response,No Response,No Response,No Response,No Response,No Response,,,,No Response,No Response,No Response,,Man,19-20
2024/09/10 3:09:48 PM AST,CMP 128 Computer Science I,Yes,No,Yes,No,No,No,No,Yes,No,No,No,No,No,No,No,No,No,No,No,No,No,No,No,No,No,No,No,No,No,No,No Impact,No Impact,No Impact,No Impact,Computer Science,Yes,Yes,No,No,No,Yes,No,No,Yes,No,No,Yes,No,No,No,Yes,No,No,No,No,No,Man,18 and younger
2024/09/10 3:11:07 PM AST,CMP 128 Computer Science I,Yes,No,No,No,Yes,No,No,No,No,No,No,No,No,No,No,No,No,No,No,No,No,No,No,No,No,Yes,No,No,No,No,No Impact,No Impact,No Impact,No Impact,Electronical Engineer,,,,,,,,No Response,No Response,No Response,No Response,No Response,No Response,No Response,,,,No Response,No Response,No Response,,Man,35-64
2024/09/10 3:15:10 PM AST,CMP 128 Computer Science I,Yes,No,No,Yes,No,No,No,No,No,Yes,No,No,No,No,No,No,Yes,No,No,No,No,No,No,No,No,No,No,No,No,No,Some Impact,No Impact,No Impact,No Impact,Information Technology,Yes,No,No,No,No,Yes,Yes,Yes,Yes,Yes,Yes,Yes,No,No,Yes,Yes,Yes,No,No,No,No,Man,21-24
2024/09/10 5:17:34 PM AST,CMP 128 Computer Science I,No,No,No,Yes,No,No,No,No,No,No,No,No,No,No,No,No,No,No,No,No,No,No,No,No,No,No,No,No,No,No,No Impact,No Impact,No Impact,No Impact,Computer Science,Yes,Yes,No,Yes,No,Yes,No,No,Yes,Yes,Yes,Yes,No,No,No,Yes,No,No,No,No,No,Man,18 and younger
2024/09/10 5:24:45 PM AST,CMP 128 Computer Science I,Don't recall,Don't recall,Don't recall,Yes,No,Don't recall,No,Yes,No,No,No,No,No,Don't recall,No,No,Not Sure,No,No,No,No,No,No,No,No,No,No,No,No,No,Some Impact,High Impact,,,Computer Science,Yes,Yes,No,No,No,No,No,No,No,No,No,Yes,No,No,No,Don't recall,No,No,No,No,No,Woman,19-20
2024/09/10 7:17:19 PM AST,CMP 128 Computer Science I,No,No,No,No,No,No,Yes,No,No,No,No,No,No,No,No,No,No,No,No,No,No,No,No,No,No,No,No,No,No,No,,,,,Computer Science,Yes,No,No,Yes,No,Yes,No,No,No,No,No,No,No,No,No,No,Don't recall,No,No,No,No,Man,25-34
2024/09/10 7:17:55 PM AST,CMP 128 Computer Science I,Yes,Yes,Yes,Yes,Yes,No,Yes,Yes,No,No,No,Yes,No,No,Yes,No,Yes,No,No,No,No,No,No,No,No,No,No,No,No,No,Some Impact,Some Impact,Some Impact,Some Impact,"Technical Studies, Applied Associate of Science",No,Yes,No,Yes,Yes,Yes,Yes,No,Yes,Yes,No,Yes,No,Yes,Yes,Yes,Yes,No,No,No,No,Man,25-34
2024/09/10 7:18:04 PM AST,CMP 128 Computer Science I,No,No,No,No,No,No,No,Yes,No,No,No,No,No,No,No,No,Yes,No,No,No,No,No,No,No,No,No,No,No,No,No,No Impact,No Impact,No Impact,High Impact,Non Degree seeking,,,,,,,,No Response,No Response,No Response,No Response,No Response,No Response,No Response,,,,No Response,No Response,No Response,,Man,18 and younger
2024/09/10 7:18:59 PM AST,CMP 128 Computer Science I,Yes,No,No,Yes,No,No,No,No,No,No,No,No,No,No,No,No,No,No,No,No,No,No,No,No,No,No,No,No,No,No,Some Impact,No Impact,Some Impact,No Impact,Non Degree seeking,,,,,,,,No Response,No Response,No Response,No Response,No Response,No Response,No Response,,,,No Response,No Response,No Response,,Woman,19-20
2024/09/10 7:20:01 PM AST,CMP 128 Computer Science I,No,No,No,No,No,No,No,No,No,No,No,No,No,Yes,No,No,No,No,No,No,No,No,No,No,No,No,No,No,No,Yes,High Impact,,,,Computer Science,Yes,No,No,No,No,No,No,No,No,No,No,No,No,No,No,No,No,No,No,No,No,Man,19-20
2024/09/10 7:20:25 PM AST,CMP 128 Computer Science I,Yes,No,No,Yes,Yes,No,Yes,Yes,No,No,No,No,No,No,No,No,No,No,No,No,No,No,No,No,No,No,No,No,No,No,Some Impact,Some Impact,No Impact,No Impact,Mechanical Engineering,,,,,,,,No Response,No Response,No Response,No Response,No Response,No Response,No Response,,,,No Response,No Response,No Response,,Man,25-34
2024/09/10 7:20:36 PM AST,CMP 128 Computer Science I,No,Yes,No,Yes,Yes,Yes,No,No,No,No,No,No,No,No,No,No,Yes,No,No,No,No,No,No,No,No,No,No,No,No,No,High Impact,High Impact,Some Impact,Some Impact,Computer Science,No,Yes,No,Yes,No,Yes,No,No,Yes,Yes,Yes,Yes,No,No,Yes,Yes,Yes,No,No,No,No,Man,21-24
2024/09/10 7:24:54 PM AST,CMP 128 Computer Science I,Yes,No,Yes,Yes,Yes,No,Yes,Yes,No,No,No,No,No,Don't recall,No,No,No,Yes,No,No,No,No,Not Sure,No,No,No,No,No,No,No,High Impact,Some Impact,High Impact,No Impact,Computer Science,Yes,Yes,No,Yes,No,Yes,Yes,No,Yes,Yes,No,No,Yes,Yes,Yes,Yes,Yes,No,No,No,No,Man,19-20
2024/09/10 7:37:14 PM AST,CMP 120 Foundations of Information Security,No,No,No,Yes,No,Yes,Yes,Yes,No,No,No,No,No,No,No,Yes,No,No,No,No,No,No,No,Yes,No,No,No,No,No,No,High Impact,High Impact,High Impact,No Impact,Computer Science,Yes,Yes,No,Yes,No,No,No,No,No,No,No,No,No,No,No,No,No,No,No,No,No,Man,18 and younger
2024/09/10 7:38:34 PM AST,CMP 120 Foundations of Information Security,No,No,No,Yes,Yes,Yes,Yes,Yes,No,No,No,No,No,No,No,No,No,No,No,No,No,No,No,No,No,No,No,No,No,No,High Impact,Some Impact,High Impact,,Computer Science,Yes,Yes,No,Yes,No,Yes,No,No,No,Yes,No,No,Yes,Yes,No,No,No,No,No,No,No,Man,19-20
2024/09/10 7:38:39 PM AST,CMP 120 Foundations of Information Security,No,No,No,No,Yes,Don't recall,Yes,Yes,No,No,No,No,No,No,No,No,No,No,No,No,No,No,No,No,No,No,No,No,No,No,No Impact,No Impact,No Impact,No Impact,Computer Science,Yes,Yes,No,Yes,Yes,Yes,Yes,No,No,No,Yes,Yes,No,No,No,No,No,No,No,No,No,Man,19-20
2024/09/10 7:38:52 PM AST,CMP 120 Foundations of Information Security,Yes,Yes,No,Yes,Yes,Yes,Yes,No,No,Yes,Yes,No,No,No,No,No,No,No,No,No,No,No,No,No,No,No,No,No,No,No,High Impact,No Impact,No Impact,No Impact,Information Technology,Yes,Yes,No,Yes,Yes,Yes,No,No,Yes,Yes,Yes,Yes,No,No,Yes,No,No,No,No,No,No,Woman,25-34
2024/09/10 7:39:17 PM AST,CMP 120 Foundations of Information Security,No,No,No,Yes,No,No,No,No,No,No,No,No,No,No,No,No,Yes,Yes,No,No,No,No,No,No,No,Yes,No,No,No,No,No Impact,No Impact,No Impact,No Impact,Information Technology,Yes,Yes,No,No,No,No,No,No,No,No,No,No,No,No,Yes,Yes,No,No,No,No,No,Man,21-24
2024/09/10 7:39:31 PM AST,CMP 120 Foundations of Information Security,Yes,No,No,Yes,No,Yes,No,Yes,No,No,Yes,No,No,Don't recall,No,Yes,No,No,No,No,No,No,No,Yes,Yes,No,Not Sure,No,No,No,Some Impact,Some Impact,,,Information Technology,Yes,Yes,No,Yes,Yes,Yes,Yes,Yes,Yes,Yes,Yes,Yes,No,No,Yes,No,No,No,No,No,Yes,Man,19-20
2024/09/10 7:39:31 PM AST,CMP 120 Foundations of Information Security,No,No,No,No,No,No,Yes,Yes,No,No,No,No,No,No,No,No,No,No,No,No,No,No,No,No,No,No,No,No,No,No,Some Impact,No Impact,No Impact,No Impact,Computer Science,Yes,No,No,Yes,No,No,No,No,No,No,Yes,Yes,Yes,Yes,Yes,No,No,No,No,No,No,Man,19-20
2024/09/10 7:39:36 PM AST,CMP 120 Foundations of Information Security,No,No,No,No,No,Yes,No,No,No,No,No,No,No,Yes,Yes,No,No,Yes,No,No,No,No,No,No,No,Yes,No,No,No,No,No Impact,No Impact,No Impact,No Impact,Computer Science,Yes,Yes,No,No,No,Yes,No,No,Yes,No,Yes,Yes,Don't recall,Don't recall,Yes,Yes,No,No,No,No,No,Man,25-34
2024/09/10 7:40:10 PM AST,CMP 128 Computer Science I,No,No,No,Yes,No,No,No,Yes,No,No,No,No,No,No,No,Yes,No,No,No,No,No,No,No,No,No,No,No,No,No,No,High Impact,No Impact,High Impact,,Computer Science,Yes,Yes,No,Yes,Yes,Yes,No,No,No,No,Yes,Yes,Don't recall,Don't recall,No,Yes,No,No,No,No,No,Man,18 and younger
2024/09/10 9:30:31 PM AST,CMP 131 Fundamentals of Programming (Python),Don't recall,Don't recall,Don't recall,Yes,Yes,Don't recall,Don't recall,Don't recall,Don't recall,Don't recall,Don't recall,Don't recall,Don't recall,Don't recall,No,No,No,No,No,No,No,No,No,No,No,No,No,No,No,No,No Impact,No Impact,No Impact,No Impact,Information Technology,Yes,Yes,No,Yes,Yes,Yes,Yes,Yes,Yes,Yes,Yes,Yes,No,No,No,Yes,Yes,No,No,No,Don't recall,Man,25-34
2024/09/11 9:23:56 AM AST,CMP 131 Fundamentals of Programming (Python),Yes,No,No,Yes,Yes,No,No,No,No,No,No,No,No,No,No,No,No,No,No,No,No,No,No,No,No,No,No,No,No,No,,,,,Computer Science,Yes,Yes,No,Yes,Yes,Yes,No,No,No,Yes,Yes,Yes,No,No,Yes,Yes,No,No,No,No,No,Woman,25-34
2024/09/11 2:03:49 PM AST,CMP 130 Intro to IT,No,No,No,Yes,Yes,No,No,No,No,No,No,No,No,No,No,No,No,No,No,No,No,No,No,No,No,No,No,No,No,No,Some Impact,No Impact,High Impact,No Impact,Information Technology,Yes,No,No,Yes,Yes,No,No,No,No,Yes,No,Yes,No,No,No,No,No,No,No,No,No,Man,19-20
2024/09/11 2:07:35 PM AST,CMP 128 Computer Science I,No,No,No,No,No,No,No,No,No,No,No,No,No,Yes,Yes,No,Not Sure,No,Yes,No,Not Sure,No,Yes,No,Not Sure,No,No,No,No,No,No Impact,Some Impact,Some Impact,Some Impact,cyberseucirty,,,,,,,,No Response,No Response,No Response,No Response,No Response,No Response,No Response,,,,No Response,No Response,No Response,,Man,18 and younger
2024/09/11 2:08:02 PM AST,CMP 128 Computer Science I,No,No,No,Yes,Yes,Yes,No,No,No,No,No,No,No,No,No,No,No,No,No,No,No,No,No,No,No,No,No,No,No,No,,,,High Impact,ShareTime CSIP Program,No,No,Yes,No,No,No,No,No,No,No,No,No,No,No,No,No,No,No,No,No,No,Woman,18 and younger
2024/09/11 2:08:24 PM AST,CMP 128 Computer Science I,No,No,No,No,No,No,Yes,Yes,No,No,No,No,No,No,No,No,No,No,No,No,No,No,Yes,No,No,No,No,No,No,No,No Impact,No Impact,High Impact,No Impact,cybersecurity,,,,,,,,No Response,No Response,No Response,No Response,No Response,No Response,No Response,,,,No Response,No Response,No Response,,Woman,18 and younger
2024/09/11 2:08:25 PM AST,CMP 128 Computer Science I,Yes,No,No,No,No,No,Yes,No,No,No,No,No,No,No,No,No,No,No,No,No,No,No,No,No,No,No,No,No,No,No,Some Impact,Some Impact,No Impact,No Impact,Information Technology,Yes,Yes,No,Yes,No,Yes,No,No,No,Yes,No,Yes,No,No,No,No,No,No,No,No,No,Man,18 and younger
2024/09/11 2:08:51 PM AST,CMP 128 Computer Science I,No,No,No,Yes,No,No,No,No,No,No,No,No,No,No,No,No,No,No,No,No,No,No,No,No,No,No,No,No,No,No,No Impact,Some Impact,No Impact,High Impact,ShareTime CSIP Program,Yes,Yes,Yes,Yes,No,Yes,No,No,No,Yes,No,Yes,No,No,No,No,No,No,No,No,No,Man,18 and younger
2024/09/11 2:08:53 PM AST,CMP 128 Computer Science I,Yes,No,No,Yes,Yes,No,Yes,Yes,No,No,No,No,No,No,No,No,No,No,No,No,Yes,Yes,Yes,No,No,No,No,No,No,No,No Impact,No Impact,Some Impact,Some Impact,Information Technology,Yes,Yes,Yes,Yes,Yes,Yes,Yes,Yes,Yes,Yes,Yes,Yes,Yes,Yes,Yes,Yes,Yes,Yes,Yes,Yes,No,Man,18 and younger
2024/09/11 2:08:59 PM AST,CMP 128 Computer Science I,No,No,No,Yes,Yes,Yes,Yes,No,No,No,No,No,No,No,No,No,No,No,No,No,Yes,Yes,No,No,No,No,No,No,No,No,,,No Impact,Some Impact,ShareTime CSIP Program,Yes,Yes,Yes,No,No,No,No,No,No,Yes,No,Yes,No,Yes,No,No,No,No,No,No,Yes,Woman,18 and younger
2024/09/11 2:09:08 PM AST,,No,No,No,No,No,No,No,Yes,No,No,No,No,No,Yes,No,No,No,No,No,No,Yes,No,No,No,No,No,No,No,No,No,No Impact,No Impact,No Impact,No Impact,ShareTime CSIP Program,Yes,No,Yes,No,No,No,No,No,No,No,No,No,Yes,No,No,No,No,No,No,No,No,Man,18 and younger
2024/09/11 2:09:21 PM AST,CMP 128 Computer Science I,No,No,No,No,No,No,Yes,No,No,No,No,No,No,Yes,Not Sure,Not Sure,Not Sure,Not Sure,Not Sure,Not Sure,Yes,Yes,Not Sure,Not Sure,Not Sure,Not Sure,Not Sure,Not Sure,Yes,Not Sure,No Impact,No Impact,No Impact,No Impact,Challenger Program,Yes,Yes,Yes,Yes,No,No,No,No,No,No,No,No,No,No,No,No,No,No,No,No,No,Woman,18 and younger
2024/09/11 2:09:34 PM AST,CMP 128 Computer Science I,Yes,No,No,Yes,Yes,No,Yes,Yes,No,No,No,No,No,Don't recall,No,No,No,No,No,No,No,No,Yes,No,No,No,No,No,No,No,Some Impact,High Impact,,High Impact,Computer Science,Yes,Yes,Yes,Yes,No,Yes,No,No,Yes,Yes,Yes,No,Yes,Yes,No,No,No,No,No,Yes,Don't recall,Man,18 and younger
2024/09/11 2:09:49 PM AST,CMP 128 Computer Science I,No,No,No,Yes,No,No,No,No,No,No,No,No,No,No,No,No,No,No,No,No,Yes,No,No,No,No,No,No,No,No,No,Some Impact,Some Impact,No Impact,No Impact,Information Technology,Yes,No,No,No,No,No,No,No,No,No,No,No,No,No,No,No,Yes,Yes,Yes,No,No,Man,18 and younger
2024/09/11 2:10:07 PM AST,CMP 128 Computer Science I,No,No,No,No,No,No,Yes,Yes,No,No,No,No,No,No,No,No,No,No,No,No,Yes,No,Yes,Yes,No,No,No,No,No,No,Some Impact,Some Impact,,No Impact,ShareTime CSIP Program,Yes,Yes,Yes,Yes,Yes,Yes,No,No,Yes,No,No,No,Yes,Yes,No,No,No,No,No,No,No,Man,18 and younger
2024/09/11 2:10:12 PM AST,CMP 128 Computer Science I,No,No,No,Yes,No,No,No,Yes,No,No,No,No,No,Yes,No,No,No,No,No,No,No,No,No,No,No,No,No,No,No,No,No Impact,No Impact,No Impact,No Impact,ShareTime CSIP Program,No,No,No,No,No,No,No,No,No,No,No,No,Don't recall,Don't recall,Don't recall,Don't recall,Don't recall,Don't recall,Don't recall,Don't recall,Don't recall,Man,18 and younger
2024/09/11 2:10:13 PM AST,CMP 128 Computer Science I,No,No,No,No,No,No,No,Yes,No,No,No,No,No,No,No,No,No,No,No,No,Yes,No,No,No,No,No,No,No,No,No,No Impact,No Impact,No Impact,No Impact,ShareTime CSIP Program,Yes,Yes,Yes,Yes,No,No,No,No,No,No,No,No,Yes,No,No,No,No,No,No,No,No,Man,18 and younger
2024/09/11 2:10:39 PM AST,CMP 128 Computer Science I,No,No,No,Yes,Yes,No,No,No,No,No,No,No,No,No,No,No,No,No,No,No,Yes,No,No,No,No,No,No,No,No,No,High Impact,Some Impact,No Impact,No Impact,Information Technology,Yes,No,Yes,Yes,No,Yes,No,No,No,Yes,No,No,Yes,Yes,No,No,No,No,No,No,No,Man,18 and younger
2024/09/11 2:11:50 PM AST,CMP 128 Computer Science I,No,No,No,No,No,No,Yes,Yes,No,No,No,No,No,Yes,No,No,No,No,No,No,Yes,No,No,No,No,No,No,No,No,No,,,,High Impact,ShareTime CSIP Program,Yes,Yes,Yes,No,No,No,No,No,No,No,No,No,Yes,Yes,No,No,No,No,No,No,No,Man,18 and younger
2024/09/11 2:13:37 PM AST,CMP 128 Computer Science I,Yes,No,No,Yes,No,No,Yes,Yes,No,No,No,Yes,No,No,Yes,No,Yes,No,No,No,No,No,Yes,No,No,No,No,No,No,No,High Impact,High Impact,No Impact,High Impact,Information Technology,Yes,Yes,Yes,No,No,No,No,No,No,Yes,No,No,Yes,Yes,No,No,No,No,No,No,No,Woman,18 and younger
2024/09/11 2:17:55 PM AST,CMP 128 Computer Science I,No,No,No,Yes,Yes,Yes,No,No,No,No,No,No,No,No,No,No,No,No,No,No,No,No,No,No,No,No,No,No,No,No,High Impact,High Impact,High Impact,High Impact,Computer Science,Yes,Yes,No,Yes,No,Yes,No,No,No,No,No,No,No,No,No,No,No,No,No,No,No,Man,18 and younger
2024/09/11 2:18:07 PM AST,CMP 128 Computer Science I,Yes,Yes,No,No,No,No,Yes,Yes,No,No,No,No,No,No,No,No,No,No,No,No,No,Yes,No,No,No,No,No,No,No,No,High Impact,No Impact,High Impact,No Impact,Challenger Program,Yes,Yes,Yes,No,No,Yes,No,No,No,No,No,No,No,No,No,No,No,No,No,No,No,Woman,18 and younger
2024/09/11 2:18:23 PM AST,CMP 128 Computer Science I,No,No,No,Yes,Yes,No,Yes,Yes,No,No,No,No,No,No,No,No,No,Not Sure,Not Sure,Not Sure,Not Sure,Not Sure,Not Sure,Not Sure,Not Sure,Not Sure,Not Sure,Not Sure,Not Sure,Not Sure,No Impact,Some Impact,No Impact,No Impact,Computer Science,Yes,No,No,Yes,No,Yes,No,No,Yes,Yes,Yes,Yes,No,No,Yes,Yes,No,No,No,No,No,Man,18 and younger
2024/09/11 2:18:33 PM AST,CMP 128 Computer Science I,No,No,No,No,No,No,No,No,No,No,No,No,No,Yes,No,No,No,No,No,No,No,No,No,No,No,No,No,No,No,No,No Impact,No Impact,No Impact,No Impact,CIS Game Development Option,No,Yes,No,No,No,No,No,No,No,No,No,Yes,No,No,No,No,No,No,No,No,No,Man,21-24
2024/09/11 2:18:39 PM AST,CMP 128 Computer Science I,Yes,Don't recall,No,No,Yes,No,No,No,No,No,No,No,No,No,No,No,Yes,No,No,No,No,No,No,No,No,No,No,No,No,No,No Impact,No Impact,No Impact,No Impact,electrical engineering  ,,,,,,,,No Response,No Response,No Response,No Response,No Response,No Response,No Response,,,,No Response,No Response,No Response,,Man,18 and younger
2024/09/11 2:19:20 PM AST,CMP 128 Computer Science I,No,No,No,Yes,No,No,No,No,No,No,No,No,No,No,No,No,No,No,No,No,No,No,No,No,No,No,No,No,No,No,No Impact,No Impact,No Impact,No Impact,Business Administration,,,,,,,,No Response,No Response,No Response,No Response,No Response,No Response,No Response,,,,No Response,No Response,No Response,,Man,19-20
2024/09/11 2:19:35 PM AST,CMP 128 Computer Science I,No,No,Yes,No,No,No,Yes,Yes,No,No,No,No,No,No,No,No,No,No,No,No,No,No,No,No,Yes,No,No,No,No,No,No Impact,No Impact,No Impact,No Impact,Mechanical engineering technology ,,,,,,,,No Response,No Response,No Response,No Response,No Response,No Response,No Response,,,,No Response,No Response,No Response,,Man,18 and younger
2024/09/11 2:19:39 PM AST,CMP 128 Computer Science I,No,No,No,Yes,No,No,No,No,No,No,No,No,No,No,Yes,No,Yes,No,No,No,No,No,No,No,No,No,No,No,No,No,Some Impact,Some Impact,High Impact,Some Impact,Computer Science,Yes,Yes,No,No,No,No,No,No,No,No,No,No,No,No,No,Yes,Don't recall,Don't recall,Don't recall,Don't recall,Don't recall,Man,18 and younger
2024/09/11 2:19:57 PM AST,CMP 128 Computer Science I,No,No,No,Yes,Yes,No,Yes,No,No,No,No,No,No,No,No,No,No,No,No,No,No,No,No,No,No,No,No,No,No,No,High Impact,High Impact,High Impact,No Impact,Computer Science,Yes,Yes,No,No,No,No,No,No,Yes,No,No,Yes,No,No,No,No,No,No,No,No,Yes,Man,19-20
2024/09/11 2:20:20 PM AST,CMP 128 Computer Science I,Yes,No,No,Yes,Don't recall,No,Yes,Yes,No,No,No,No,No,No,Not Sure,No,No,Yes,No,Yes,No,No,No,Yes,No,Yes,No,No,No,No,Some Impact,High Impact,No Impact,No Impact,CIS Game Development Option,Yes,Yes,No,Yes,No,Yes,No,No,No,No,Yes,Yes,Yes,No,Yes,Don't recall,Don't recall,No,No,No,No,Man,18 and younger
2024/09/11 2:20:23 PM AST,CMP 128 Computer Science I,Yes,No,No,Yes,No,No,Yes,Yes,No,Yes,No,No,No,No,No,No,Yes,No,No,No,No,No,No,No,No,No,No,No,No,No,,,,,Computer Science,Yes,Yes,No,Yes,No,Yes,No,No,Yes,Yes,No,Yes,No,No,Yes,Yes,Yes,Don't recall,Don't recall,No,No,Man,21-24
2024/09/11 2:20:59 PM AST,CMP 128 Computer Science I,No,No,Yes,Yes,Yes,No,Yes,Yes,No,No,No,No,No,No,Yes,No,No,No,No,No,No,No,No,No,No,No,No,No,No,No,No Impact,No Impact,No Impact,No Impact,Electronics Technolgies Engineering,,,,,,,,No Response,No Response,No Response,No Response,No Response,No Response,No Response,,,,No Response,No Response,No Response,,Man,19-20
2024/09/11 2:21:01 PM AST,CMP 128 Computer Science I,Yes,No,Yes,Yes,No,No,No,Yes,Yes,No,No,No,No,No,Yes,No,No,Yes,No,No,No,No,No,Yes,No,Yes,No,No,No,No,Some Impact,Some Impact,,High Impact,CIS Game Development Option,Yes,Yes,No,Yes,Yes,Yes,No,No,Yes,Yes,Yes,Yes,Yes,No,Yes,Yes,Yes,No,No,No,Don't recall,Man,18 and younger
2024/09/11 2:21:39 PM AST,CMP 128 Computer Science I,No,No,No,No,Yes,No,Yes,Yes,No,No,No,No,No,No,No,No,No,No,No,No,No,No,No,No,No,No,No,No,No,No,No Impact,No Impact,No Impact,No Impact,Computer Science,Yes,Yes,No,Yes,No,Yes,No,No,No,Yes,No,No,No,Yes,No,No,No,No,No,No,No,Man,18 and younger
2024/09/11 2:24:14 PM AST,CMP 128 Computer Science I,No,No,No,Yes,No,No,No,No,No,No,No,No,No,No,Yes,No,Not Sure,Not Sure,No,No,No,No,No,No,No,No,No,No,No,No,High Impact,No Impact,High Impact,No Impact,Computer Science,Yes,No,No,Yes,No,Yes,No,No,No,No,Yes,Yes,No,No,No,Don't recall,Don't recall,No,No,No,Don't recall,Man,19-20
2024/09/11 4:09:16 PM AST,CMP 128 Computer Science I,Yes,Yes,Yes,Yes,Yes,Don't recall,Don't recall,Yes,Don't recall,Don't recall,Don't recall,No,No,No,No,No,Yes,No,No,No,No,No,No,No,No,No,No,No,No,No,Some Impact,Some Impact,No Impact,No Impact,Information Technology,Yes,Yes,No,Yes,No,No,No,No,Yes,Yes,Yes,Yes,Don't recall,Don't recall,Yes,Don't recall,Don't recall,No,Don't recall,Don't recall,No,Man,19-20
2024/09/11 4:59:16 PM AST,CMP 131 Fundamentals of Programming (Python),No,No,No,No,No,No,No,No,No,No,No,No,No,Yes,No,No,No,No,No,No,No,No,No,No,No,No,Yes,No,No,No,No Impact,No Impact,No Impact,No Impact,Non Degree seeking,,,,,,,,No Response,No Response,No Response,No Response,No Response,No Response,No Response,,,,No Response,No Response,No Response,,Man,25-34
2024/09/11 6:42:01 PM AST,CMP 131 Fundamentals of Programming (Python),Don't recall,Don't recall,Don't recall,Don't recall,Don't recall,Don't recall,Don't recall,Yes,Don't recall,Don't recall,Don't recall,Don't recall,Don't recall,Don't recall,No,No,No,No,No,No,No,No,No,No,No,No,No,No,No,No,High Impact,,,,Data Science,,,,,,,,No Response,No Response,No Response,No Response,No Response,No Response,No Response,,,,No Response,No Response,No Response,,Man,18 and younger
2024/09/12 10:38:36 AM AST,CMP 128 Computer Science I,Yes,No,No,No,No,No,No,No,No,No,No,No,No,No,No,No,Yes,Yes,No,No,No,No,No,No,No,No,No,No,No,No,Some Impact,High Impact,High Impact,High Impact,Computer Science,Yes,Yes,No,No,No,No,No,No,Yes,No,No,No,No,No,No,No,No,No,No,No,No,Man,18 and younger
2024/09/12 10:38:38 AM AST,CMP 128 Computer Science I,No,No,No,No,No,No,No,No,No,No,No,No,No,Yes,Yes,No,No,No,No,No,No,No,No,No,No,No,No,No,No,No,Some Impact,No Impact,No Impact,No Impact,Business,,,,,,,,No Response,No Response,No Response,No Response,No Response,No Response,No Response,,,,No Response,No Response,No Response,,Man,21-24
2024/09/12 10:38:40 AM AST,CMP 128 Computer Science I,Yes,No,No,Yes,No,Yes,No,No,No,No,No,No,No,No,No,No,No,No,No,No,No,No,No,No,No,No,No,No,No,No,No Impact,No Impact,No Impact,No Impact,Computer Science,Yes,Yes,No,No,No,No,No,No,No,No,No,No,Don't recall,Don't recall,Don't recall,Don't recall,Don't recall,Don't recall,Don't recall,Don't recall,Don't recall,Man,19-20
2024/09/12 10:39:06 AM AST,CMP 128 Computer Science I,Yes,No,No,No,No,No,No,No,No,No,No,No,No,Yes,Not Sure,Not Sure,Not Sure,Not Sure,Not Sure,Not Sure,Not Sure,Not Sure,Not Sure,Not Sure,Not Sure,Not Sure,Yes,Not Sure,Not Sure,Not Sure,No Impact,No Impact,No Impact,No Impact,Computer Science,Yes,Yes,No,Yes,Yes,Yes,Yes,No,No,Yes,No,Yes,No,No,Yes,No,Yes,Yes,Yes,Yes,Yes,Woman,25-34
2024/09/12 10:39:09 AM AST,CMP 128 Computer Science I,No,No,No,Yes,No,No,No,Yes,No,No,No,No,No,No,Yes,No,No,No,No,No,No,No,No,No,No,Yes,No,No,No,No,High Impact,No Impact,No Impact,No Impact,Computer Science,Yes,Yes,No,No,No,Yes,No,No,Yes,No,Yes,Yes,No,No,No,No,Yes,No,No,No,No,Man,18 and younger
2024/09/12 10:39:12 AM AST,CMP 128 Computer Science I,Don't recall,Don't recall,Don't recall,Don't recall,Don't recall,Don't recall,Yes,Yes,Don't recall,Don't recall,Don't recall,Don't recall,Don't recall,Don't recall,Not Sure,Not Sure,Not Sure,Not Sure,Not Sure,Not Sure,Not Sure,Not Sure,Not Sure,Not Sure,Not Sure,Not Sure,Not Sure,Not Sure,Not Sure,Not Sure,,,,,High School,,,,,,,,No Response,No Response,No Response,No Response,No Response,No Response,No Response,,,,No Response,No Response,No Response,,Man,18 and younger
2024/09/12 10:39:14 AM AST,CMP 128 Computer Science I,No,No,Yes,Yes,No,Yes,No,No,No,No,Yes,No,No,Don't recall,Yes,No,No,No,No,No,No,No,No,No,No,No,No,No,Yes,No,No Impact,No Impact,No Impact,No Impact,Computer Science,Yes,Yes,No,No,No,No,No,No,No,No,No,Yes,No,No,Yes,No,No,No,No,No,No,Man,19-20
2024/09/12 10:39:45 AM AST,CMP 128 Computer Science I,Yes,No,No,No,No,No,Yes,Yes,Yes,No,No,No,No,No,No,No,No,No,No,No,No,No,No,No,No,No,No,No,No,No,No Impact,No Impact,No Impact,No Impact,mechanical engineering,,,,,,,,No Response,No Response,No Response,No Response,No Response,No Response,No Response,,,,No Response,No Response,No Response,,Man,19-20
2024/09/12 10:40:58 AM AST,CMP 128 Computer Science I,No,No,No,Yes,Yes,Yes,Yes,No,No,No,No,No,No,No,Yes,No,No,No,No,No,No,No,No,No,No,Yes,No,No,No,No,Some Impact,No Impact,Some Impact,No Impact,Information Technology,Yes,Yes,No,Yes,No,Yes,No,No,No,Yes,Yes,Yes,No,No,No,No,No,No,No,No,No,Man,19-20
2024/09/12 10:41:41 AM AST,CMP 128 Computer Science I,No,No,No,Yes,No,No,No,Yes,No,No,No,No,No,No,Yes,No,No,Yes,No,No,No,No,No,No,No,No,No,No,No,No,Some Impact,No Impact,Some Impact,No Impact,Computer Science,No,No,No,No,No,Yes,No,No,No,No,No,Yes,No,No,No,No,No,No,No,No,No,Man,18 and younger
2024/09/12 10:41:58 AM AST,CMP 128 Computer Science I,Yes,Yes,Yes,No,Yes,No,No,No,No,No,No,No,No,Yes,No,No,No,No,No,No,No,No,No,Yes,Yes,No,No,No,No,No,High Impact,,,High Impact,Computer Science,Yes,Yes,No,Yes,No,Yes,No,No,No,No,Yes,Yes,No,No,No,No,No,No,No,No,Yes,Woman,18 and younger
2024/09/12 10:42:36 AM AST,CMP 128 Computer Science I,No,No,No,Yes,Yes,No,Yes,Yes,No,No,No,No,No,No,No,No,No,No,No,No,No,No,No,No,No,Yes,No,No,No,No,Some Impact,,No Impact,No Impact,Mechanical Engineering,,,,,,,,No Response,No Response,No Response,No Response,No Response,No Response,No Response,,,,No Response,No Response,No Response,,Man,18 and younger
2024/09/12 10:43:34 AM AST,CMP 128 Computer Science I,Yes,No,Yes,Yes,No,Yes,No,Yes,No,No,No,No,No,No,No,No,No,No,No,No,No,No,No,Yes,No,Yes,No,No,No,No,No Impact,No Impact,No Impact,No Impact,Fire Science Technology,,,,,,,,No Response,No Response,No Response,No Response,No Response,No Response,No Response,,,,No Response,No Response,No Response,,Man,19-20
2024/09/12 11:28:27 AM AST,CMP 120 Foundations of Information Security,No,No,No,Yes,No,No,Yes,No,No,No,No,No,No,No,No,No,Yes,No,No,No,No,No,No,No,No,No,No,No,No,No,Some Impact,No Impact,No Impact,No Impact,Information Technology,Yes,Yes,No,No,No,No,No,No,No,No,No,Yes,No,No,No,No,No,No,No,No,Yes,Man,19-20
2024/09/12 11:28:58 AM AST,CMP 120 Foundations of Information Security,No,No,No,Yes,No,No,No,No,No,No,No,No,No,No,No,No,No,No,No,No,No,No,No,No,No,No,No,No,No,No,High Impact,No Impact,No Impact,No Impact,Undecided,,,,,,,,No Response,No Response,No Response,No Response,No Response,No Response,No Response,,,,No Response,No Response,No Response,,Man,19-20
2024/09/12 11:29:09 AM AST,CMP 120 Foundations of Information Security,Yes,Yes,Yes,Yes,No,No,Yes,Yes,No,No,No,No,No,No,Yes,No,Yes,No,No,No,Yes,No,No,Yes,No,Yes,No,No,No,No,No Impact,No Impact,No Impact,No Impact,Information Technology,Yes,Yes,No,Yes,Yes,No,No,No,No,No,No,No,No,No,No,No,No,No,No,No,No,Man,19-20
2024/09/12 11:29:33 AM AST,CMP 130 Intro to IT,No,No,No,No,No,No,No,Yes,No,No,No,No,No,No,No,No,No,No,No,No,No,No,No,No,No,No,No,No,No,No,High Impact,High Impact,No Impact,No Impact,Information Security Certificate of Achievement,Yes,No,No,No,No,No,No,No,No,No,Yes,No,Yes,Yes,No,No,No,No,No,No,No,Man,18 and younger
2024/09/12 11:29:50 AM AST,CMP 120 Foundations of Information Security,No,No,No,Yes,Yes,No,Yes,Yes,No,No,No,No,No,No,Yes,No,No,No,No,Yes,No,No,Yes,No,No,Yes,No,No,No,No,No Impact,No Impact,No Impact,No Impact,Information Security Certificate of Achievement,Yes,Yes,No,Yes,No,No,No,No,No,No,Yes,Yes,Yes,Yes,Yes,Yes,Yes,No,Don't recall,No,Don't recall,Man,18 and younger
2024/09/12 11:30:23 AM AST,CMP 120 Foundations of Information Security,Yes,Yes,No,Yes,Yes,Yes,No,Yes,No,No,No,No,No,No,Yes,No,Yes,Yes,No,Yes,No,No,No,No,No,No,No,No,No,No,High Impact,Some Impact,No Impact,No Impact,Information Technology,Yes,Yes,No,No,No,No,No,No,No,Yes,Yes,No,No,Yes,Yes,Yes,No,No,No,No,No,Woman,19-20
2024/09/12 11:30:59 AM AST,CMP 120 Foundations of Information Security,Yes,No,No,Yes,Yes,No,No,No,No,No,No,No,No,Yes,No,No,No,No,No,No,No,No,No,No,No,No,No,No,No,No,No Impact,No Impact,Some Impact,No Impact,Information Technology,Yes,Yes,No,Yes,Yes,Yes,Yes,Yes,Yes,Yes,Yes,Yes,No,No,No,No,No,Don't recall,Yes,No,Yes,Man,35-64
2024/09/12 11:31:25 AM AST,CMP 120 Foundations of Information Security,Yes,Yes,No,Yes,No,No,No,No,No,No,No,No,No,No,Yes,No,No,No,No,No,No,No,No,No,No,No,No,No,No,No,No Impact,No Impact,No Impact,No Impact,Information Security Certificate of Achievement,Yes,No,No,Yes,No,Yes,No,No,No,No,Yes,Yes,No,No,Yes,Yes,Yes,No,No,No,No,Man,19-20
2024/09/12 11:32:36 AM AST,CMP 120 Foundations of Information Security,No,Don't recall,Don't recall,Yes,No,No,No,Yes,Don't recall,No,No,No,No,No,No,No,No,No,No,No,No,No,No,No,No,No,No,No,No,No,No Impact,No Impact,No Impact,No Impact,business,,,,,,,,No Response,No Response,No Response,No Response,No Response,No Response,No Response,,,,No Response,No Response,No Response,,Man,19-20
2024/09/12 11:34:40 AM AST,CMP 120 Foundations of Information Security,No,No,No,Yes,No,No,No,No,No,No,No,No,No,No,Not Sure,No,Not Sure,No,No,No,No,No,No,No,No,Not Sure,No,No,No,No,No Impact,No Impact,No Impact,No Impact,Information Technology,Yes,Yes,No,No,No,No,No,No,No,No,Yes,Yes,No,No,Don't recall,Don't recall,No,No,No,No,Don't recall,Man,21-24
2024/09/12 12:35:40 PM AST,CMP 120 Foundations of Information Security,No,No,Yes,Yes,No,Yes,Yes,Yes,No,No,No,No,No,No,No,No,No,No,No,No,No,No,No,Yes,Yes,No,No,No,No,No,Some Impact,No Impact,No Impact,No Impact,Information Technology,Yes,No,No,No,No,No,No,No,No,Yes,Yes,Yes,No,No,No,No,No,No,No,No,Yes,Man,19-20
2024/09/12 2:05:37 PM AST,CMP 131 Fundamentals of Programming (Python),No,Yes,No,Yes,No,Yes,No,No,No,No,Yes,Yes,No,No,Yes,No,No,No,No,No,No,No,Yes,No,No,Yes,No,No,No,No,,,,,Information Technology,No,Yes,No,No,No,No,No,No,Yes,Yes,No,Yes,No,No,Yes,Yes,Yes,No,No,No,No,Man,35-64
2024/09/12 2:06:08 PM AST,CMP 131 Fundamentals of Programming (Python),No,No,No,Yes,Yes,No,No,No,No,Yes,No,No,No,No,No,No,No,No,No,No,No,No,No,No,No,Yes,No,No,No,No,Some Impact,,High Impact,,Computer Science,Yes,Yes,No,No,Yes,Yes,No,No,Yes,Yes,No,Yes,No,No,Yes,Yes,Yes,No,No,No,No,Man,21-24
2024/09/12 2:08:08 PM AST,CMP 131 Fundamentals of Programming (Python),Yes,Yes,No,Yes,No,No,No,No,Yes,No,Yes,Yes,No,No,No,No,No,No,No,No,No,No,No,No,No,No,No,No,No,No,No Impact,No Impact,No Impact,No Impact,Information Technology,Yes,Yes,No,Yes,No,Yes,No,No,No,Yes,Yes,Yes,No,No,Yes,Yes,Yes,No,Yes,No,No,Woman,21-24
2024/09/12 2:08:34 PM AST,CMP 131 Fundamentals of Programming (Python),Yes,No,No,Yes,No,No,No,No,No,No,No,No,No,No,Yes,Yes,Yes,Yes,Yes,Yes,Yes,Yes,Yes,Yes,Yes,Yes,Yes,Yes,Yes,Yes,No Impact,No Impact,No Impact,No Impact,Data Analytics Certificate of Achievement,Yes,No,No,Yes,Yes,Yes,Yes,No,Yes,Yes,Yes,Yes,No,No,No,No,No,No,Yes,No,No,Woman,25-34
2024/09/12 2:09:05 PM AST,CMP 131 Fundamentals of Programming (Python),Yes,Yes,No,Yes,Yes,Yes,Yes,Yes,No,No,Yes,No,No,No,No,No,No,No,No,No,No,No,No,No,No,Yes,No,No,No,No,Some Impact,Some Impact,No Impact,No Impact,Computer Science,Yes,Yes,No,Yes,Yes,Yes,Yes,Yes,Yes,Yes,Yes,Yes,Yes,Yes,Yes,Yes,Yes,No,No,No,No,Man,25-34
2024/09/12 2:10:35 PM AST,CMP 131 Fundamentals of Programming (Python),Yes,Yes,Yes,Yes,Yes,Yes,Yes,Yes,No,No,No,No,No,No,No,No,No,No,No,No,No,No,No,No,No,No,No,No,No,No,Some Impact,,High Impact,,Information Technology,Yes,Yes,Yes,Yes,No,Yes,No,No,Yes,Yes,Yes,Yes,Yes,Yes,No,No,No,Yes,No,No,No,Man,19-20
2024/09/12 2:25:45 PM AST,CMP 128 Computer Science I,No,No,No,Yes,No,No,Yes,Yes,No,No,No,No,No,No,Yes,Not Sure,Yes,Not Sure,Not Sure,Not Sure,Not Sure,Not Sure,Not Sure,Not Sure,Not Sure,Yes,Not Sure,Not Sure,Not Sure,Not Sure,Some Impact,No Impact,No Impact,No Impact,Computer Science,Yes,Yes,No,Yes,Yes,Yes,No,Yes,No,No,Yes,No,No,No,No,No,No,No,No,No,No,Woman,21-24
2024/09/12 3:53:36 PM AST,CMP 128 Computer Science I,Yes,No,Yes,Yes,No,No,Yes,Yes,Don't recall,Don't recall,Don't recall,Don't recall,Don't recall,Don't recall,Yes,No,Yes,Not Sure,Not Sure,Not Sure,Not Sure,Not Sure,Not Sure,Yes,Not Sure,Yes,Not Sure,Not Sure,Not Sure,Not Sure,,,High Impact,,Computer Science,Yes,Yes,No,No,No,No,No,No,No,No,Yes,Yes,Yes,Yes,Don't recall,Yes,Don't recall,Yes,Don't recall,Don't recall,Don't recall,Woman,18 and younger
2024/09/12 5:11:15 PM AST,CMP 128 Computer Science I,Yes,No,No,Yes,Yes,No,Yes,Yes,No,No,No,No,No,No,No,No,No,No,No,No,No,Yes,No,Yes,No,No,No,No,No,No,No Impact,No Impact,No Impact,No Impact,Challenger Program,Yes,Yes,No,Yes,No,No,No,No,No,No,No,Yes,No,No,Yes,Yes,No,No,No,No,No,Man,18 and younger
2024/09/12 6:28:39 PM AST,CMP 128 Computer Science I,Yes,Yes,Yes,Yes,Yes,Yes,Yes,No,No,No,Yes,No,No,No,No,No,No,No,No,No,No,No,No,No,No,No,No,No,No,No,High Impact,No Impact,No Impact,No Impact,Chemistry,,,,,,,,No Response,No Response,No Response,No Response,No Response,No Response,No Response,,,,No Response,No Response,No Response,,Woman,19-20
2024/09/12 8:50:38 PM AST,CMP 128 Computer Science I,No,No,No,Yes,No,No,Yes,Yes,No,No,No,No,No,No,Yes,No,No,No,No,No,No,No,No,Yes,No,No,No,No,Yes,No,High Impact,,,,Graphic Design,,,,,,,,No Response,No Response,No Response,No Response,No Response,No Response,No Response,,,,No Response,No Response,No Response,,Woman,18 and younger
2024/09/12 9:22:30 PM AST,CMP 239 Internet & Web Page Design,Don't recall,Don't recall,Don't recall,Don't recall,Don't recall,Don't recall,Don't recall,Don't recall,Don't recall,Don't recall,Don't recall,Don't recall,Don't recall,Yes,No,No,Yes,No,No,No,No,No,Yes,No,No,No,No,No,Yes,No,Some Impact,Some Impact,Some Impact,No Impact,Digital Media Technology,Yes,Yes,No,Yes,No,No,No,No,No,No,No,Yes,No,No,No,No,No,No,No,No,No,Man,21-24
2024/09/12 9:22:34 PM AST,CMP 239 Internet & Web Page Design,Yes,No,No,Yes,No,No,No,No,No,No,No,No,No,No,No,No,No,No,No,No,No,No,No,No,No,No,No,No,No,No,No Impact,No Impact,No Impact,No Impact,business,,,,,,,,No Response,No Response,No Response,No Response,No Response,No Response,No Response,,,,No Response,No Response,No Response,,Man,35-64
2024/09/12 9:22:44 PM AST,CMP 239 Internet & Web Page Design,No,No,No,Yes,No,Yes,No,No,No,No,No,No,No,No,No,No,No,No,No,No,No,No,No,No,No,No,No,No,No,No,No Impact,No Impact,No Impact,No Impact,Business ,,,,,,,,No Response,No Response,No Response,No Response,No Response,No Response,No Response,,,,No Response,No Response,No Response,,Man,21-24
2024/09/12 9:23:18 PM AST,CMP 239 Internet & Web Page Design,No,No,No,Yes,Yes,No,No,No,No,No,No,No,No,No,No,No,No,No,No,No,No,No,No,No,No,No,No,No,No,No,,,,,business administration,,,,,,,,No Response,No Response,No Response,No Response,No Response,No Response,No Response,,,,No Response,No Response,No Response,,Woman,21-24
2024/09/12 9:23:56 PM AST,CMP 239 Internet & Web Page Design,No,No,No,No,Yes,Yes,No,No,No,No,No,No,No,No,Yes,Yes,Not Sure,Not Sure,Not Sure,Not Sure,Not Sure,Not Sure,Not Sure,Not Sure,Not Sure,Not Sure,Not Sure,Not Sure,Not Sure,Not Sure,Some Impact,Some Impact,Some Impact,Some Impact,graphic arts,,,,,,,,No Response,No Response,No Response,No Response,No Response,No Response,No Response,,,,No Response,No Response,No Response,,Prefer not to say,21-24
2024/09/12 9:24:17 PM AST,CMP 239 Internet & Web Page Design,No,No,No,Yes,No,No,No,No,No,No,No,No,No,No,No,No,No,No,No,No,No,No,No,No,No,No,No,No,No,No,No Impact,,,,Digital Media Technology,Yes,No,No,Yes,Yes,Yes,No,No,Yes,No,Yes,Yes,No,No,No,No,No,No,No,No,No,Man,21-24
2024/09/12 9:24:28 PM AST,CMP 239 Internet & Web Page Design,Yes,Don't recall,Don't recall,Yes,Yes,Don't recall,Yes,Yes,Don't recall,Don't recall,Don't recall,Don't recall,Don't recall,Don't recall,Yes,Not Sure,Not Sure,Not Sure,Not Sure,Not Sure,Not Sure,Not Sure,Not Sure,Not Sure,Not Sure,Yes,Not Sure,Not Sure,Not Sure,Not Sure,,,,,Undecided,,,,,,,,No Response,No Response,No Response,No Response,No Response,No Response,No Response,,,,No Response,No Response,No Response,,Man,19-20
2024/09/13 8:24:16 AM AST,CMP 120 Foundations of Information Security,No,No,Yes,Yes,Yes,No,No,Yes,No,No,No,No,No,No,Yes,Not Sure,Not Sure,Not Sure,Not Sure,Yes,Yes,Not Sure,No,Yes,Yes,No,No,No,No,No,High Impact,High Impact,,,Information Technology,Yes,Yes,No,Yes,No,Yes,Yes,No,Yes,Yes,No,Yes,Yes,Don't recall,Don't recall,Don't recall,Don't recall,Don't recall,Don't recall,Don't recall,Don't recall,Man,18 and younger
2024/09/13 8:24:30 AM AST,CMP 120 Foundations of Information Security,No,No,No,No,No,No,No,Yes,No,No,No,No,No,No,Yes,No,No,No,No,No,No,No,No,No,No,No,No,No,No,No,Some Impact,No Impact,No Impact,No Impact,Undecided,,,,,,,,No Response,No Response,No Response,No Response,No Response,No Response,No Response,,,,No Response,No Response,No Response,,Man,18 and younger
2024/09/13 8:25:50 AM AST,CMP 120 Foundations of Information Security,No,No,No,Yes,No,No,No,No,No,No,No,No,No,No,No,No,No,No,No,No,No,No,No,No,No,Yes,No,No,No,No,Some Impact,Some Impact,Some Impact,Some Impact,cybersecurity,,,,,,,,No Response,No Response,No Response,No Response,No Response,No Response,No Response,,,,No Response,No Response,No Response,,Man,18 and younger
2024/09/13 8:26:08 AM AST,CMP 120 Foundations of Information Security,No,No,Don't recall,Yes,No,No,No,Yes,No,No,No,No,No,No,No,No,No,No,No,No,No,No,No,No,No,No,No,No,No,No,Some Impact,No Impact,High Impact,No Impact,Information Security Certificate of Achievement,Yes,Yes,Yes,Yes,Yes,Yes,No,No,Yes,Yes,Yes,No,Yes,Yes,No,No,No,No,No,No,No,Man,18 and younger
2024/09/13 8:27:30 AM AST,CMP 120 Foundations of Information Security,Don't recall,Don't recall,Yes,Don't recall,Don't recall,Don't recall,Don't recall,Yes,Don't recall,Don't recall,Don't recall,Don't recall,Don't recall,Don't recall,No,No,No,No,No,Yes,Yes,No,Yes,Yes,No,No,No,No,No,No,No Impact,No Impact,No Impact,High Impact,Information Technology,Yes,Yes,No,No,No,No,No,No,No,Yes,No,No,Don't recall,Don't recall,Don't recall,Don't recall,Don't recall,Don't recall,Don't recall,Don't recall,Don't recall,Woman,18 and younger
2024/09/13 8:27:37 AM AST,CMP 120 Foundations of Information Security,No,No,No,Yes,No,No,No,No,No,No,No,No,No,No,No,No,No,No,No,No,No,No,No,No,Yes,No,No,No,No,No,No Impact,No Impact,No Impact,No Impact,Information Technology,Yes,Yes,Yes,Yes,No,Yes,No,No,Yes,No,Yes,Yes,No,No,No,No,No,No,No,No,Yes,Woman,18 and younger
2024/09/13 8:27:54 AM AST,CMP 120 Foundations of Information Security,Don't recall,No,No,Yes,Yes,No,No,No,No,No,No,No,No,No,No,No,No,No,No,No,No,No,No,No,No,Yes,No,No,No,No,No Impact,No Impact,No Impact,No Impact,Information Technology,Yes,Yes,Yes,Yes,Yes,Yes,No,No,Yes,Yes,Yes,Yes,Yes,No,Yes,Yes,Yes,No,Yes,Yes,No,Man,18 and younger
2024/09/13 8:28:23 AM AST,CMP 131 Fundamentals of Programming (Python),No,No,No,No,No,No,No,Yes,No,No,No,No,No,No,No,No,No,No,No,No,No,No,No,No,No,No,No,No,No,Yes,Some Impact,No Impact,No Impact,No Impact,Information Security Certificate of Achievement,Yes,No,No,Yes,No,Yes,No,No,No,No,No,No,Yes,No,No,No,No,No,No,No,No,Man,18 and younger
2024/09/13 8:28:33 AM AST,CMP 131 Fundamentals of Programming (Python),No,No,No,No,No,No,No,Yes,No,No,No,No,No,No,Yes,No,No,No,No,No,Yes,No,No,Yes,No,No,No,No,No,Yes,No Impact,No Impact,No Impact,No Impact,Information Security Certificate of Achievement,Yes,Yes,Yes,Yes,No,No,No,No,Yes,Yes,Yes,No,Yes,No,No,No,No,No,No,No,No,Man,18 and younger
2024/09/13 8:28:49 AM AST,CMP 120 Foundations of Information Security,No,No,No,Yes,No,Yes,No,No,No,No,No,No,No,No,No,No,No,No,No,No,Yes,No,No,No,No,No,No,No,No,No,Some Impact,Some Impact,No Impact,No Impact,Information Technology,Yes,Yes,Yes,Yes,No,Yes,No,No,No,Yes,Yes,Yes,Yes,No,Yes,Yes,No,No,No,No,No,Woman,18 and younger
2024/09/13 8:30:03 AM AST,CMP 120 Foundations of Information Security,No,No,No,Yes,No,No,Yes,Yes,No,No,No,No,No,No,No,No,No,No,No,No,No,No,No,No,No,No,No,No,No,No,Some Impact,No Impact,Some Impact,Some Impact,Information Security Certificate of Achievement,Yes,Yes,Yes,Yes,Yes,Yes,No,No,Yes,Yes,No,No,Yes,No,No,No,No,No,No,No,No,Man,18 and younger
2024/09/13 8:31:04 AM AST,CMP 120 Foundations of Information Security,No,No,No,Yes,Yes,No,Yes,Yes,No,No,No,No,No,No,Not Sure,Not Sure,Not Sure,Not Sure,Not Sure,Not Sure,Not Sure,Not Sure,Not Sure,Not Sure,Not Sure,Not Sure,Not Sure,Not Sure,Not Sure,Not Sure,Some Impact,Some Impact,No Impact,No Impact,Computer Science,Yes,No,Yes,No,No,No,No,No,No,No,Yes,No,Yes,No,No,No,No,No,No,No,No,Man,18 and younger
2024/09/13 8:31:34 AM AST,CMP 131 Fundamentals of Programming (Python),Yes,No,Don't recall,No,Yes,No,Don't recall,No,Yes,No,Don't recall,No,Yes,No,Yes,No,Not Sure,No,Yes,No,Not Sure,No,Yes,No,Not Sure,No,Yes,No,Not Sure,No,No Impact,Some Impact,Some Impact,No Impact,Information Security Certificate of Achievement,Yes,Yes,Yes,Yes,Yes,No,No,No,No,No,No,No,Yes,No,Don't recall,No,Yes,No,Don't recall,No,Yes,Man,65+
2024/09/13 8:35:26 AM AST,CMP 120 Foundations of Information Security,No,No,No,Yes,No,No,No,No,No,No,No,No,No,No,No,No,Yes,No,No,No,Yes,No,No,No,No,No,No,No,No,No,Some Impact,Some Impact,No Impact,No Impact,Information Technology,Yes,Yes,Yes,Yes,No,Yes,No,No,Yes,Yes,No,Yes,No,No,Yes,No,No,No,No,No,No,Woman,18 and younger
2024/09/13 11:57:44 AM AST,CMP 131 Fundamentals of Programming (Python),Yes,Don't recall,Don't recall,Yes,No,No,Yes,Yes,No,No,No,No,No,No,No,No,No,No,No,No,No,No,No,No,No,No,No,No,No,No,No Impact,No Impact,No Impact,No Impact,Data Analytics Certificate of Achievement,Yes,Yes,No,Yes,Yes,No,No,No,No,No,No,No,Yes,No,No,No,No,No,No,No,No,Man,19-20
2024/09/13 11:58:18 AM AST,CMP 131 Fundamentals of Programming (Python),No,No,No,Yes,Yes,No,Yes,Yes,No,No,No,No,No,No,No,No,Yes,Yes,No,No,No,No,No,Yes,No,Yes,No,No,No,No,Some Impact,No Impact,High Impact,No Impact,Computer Science,Yes,Yes,No,No,No,Yes,No,No,Yes,Yes,No,Yes,No,No,Yes,Yes,Yes,No,No,No,No,Man,19-20
2024/09/13 11:58:25 AM AST,CMP 131 Fundamentals of Programming (Python),Yes,No,Yes,Yes,Yes,Yes,Yes,Yes,Yes,Yes,No,No,No,Yes,No,No,No,No,No,No,No,No,No,Yes,No,No,No,No,No,No,No Impact,No Impact,No Impact,No Impact,Business Administration ,,,,,,,,No Response,No Response,No Response,No Response,No Response,No Response,No Response,,,,No Response,No Response,No Response,,Man,21-24
2024/09/13 11:58:49 AM AST,CMP 131 Fundamentals of Programming (Python),Yes,No,No,Yes,No,No,Yes,Yes,No,No,No,No,No,No,No,Yes,Yes,Yes,No,No,Yes,No,Yes,Yes,No,No,No,No,No,No,High Impact,No Impact,No Impact,No Impact,Computer Science,Yes,Yes,No,Yes,Yes,Yes,No,Yes,No,Yes,Yes,Yes,No,No,No,Don't recall,No,No,No,No,No,Man,25-34
2024/09/13 11:58:53 AM AST,CMP 131 Fundamentals of Programming (Python),Yes,No,No,Yes,Yes,No,No,No,No,No,No,No,No,No,No,No,No,No,Not Sure,No,No,No,No,No,No,No,No,No,No,No,No Impact,No Impact,No Impact,No Impact,Information Technology,Yes,Yes,No,Yes,Yes,Yes,No,No,No,Yes,No,Yes,No,No,Yes,Yes,Yes,No,No,No,No,Man,25-34
2024/09/13 11:59:02 AM AST,CMP 131 Fundamentals of Programming (Python),Yes,Yes,Yes,Yes,Yes,Yes,Yes,Yes,Don't recall,Don't recall,Don't recall,Don't recall,Don't recall,Don't recall,Yes,Not Sure,Not Sure,Not Sure,Not Sure,Not Sure,Not Sure,Not Sure,Not Sure,Yes,Not Sure,Not Sure,Not Sure,Not Sure,Not Sure,Not Sure,No Impact,No Impact,High Impact,No Impact,data science,,,,,,,,No Response,No Response,No Response,No Response,No Response,No Response,No Response,,,,No Response,No Response,No Response,,Man,19-20
2024/09/13 11:59:09 AM AST,CMP 131 Fundamentals of Programming (Python),Yes,Don't recall,Don't recall,Don't recall,Don't recall,Don't recall,Don't recall,Don't recall,Don't recall,Don't recall,Don't recall,Don't recall,Don't recall,Don't recall,Not Sure,Not Sure,Not Sure,Not Sure,Not Sure,Not Sure,Not Sure,Not Sure,Not Sure,Not Sure,Not Sure,Not Sure,Not Sure,Not Sure,Not Sure,Not Sure,,,,,Data Analytics Certificate of Achievement,Yes,No,No,Yes,Yes,Yes,Yes,Yes,Yes,No,Yes,Yes,No,No,Don't recall,Yes,No,No,No,No,Yes,Woman,35-64
2024/09/13 11:59:13 AM AST,CMP 131 Fundamentals of Programming (Python),Don't recall,Don't recall,Don't recall,Don't recall,Yes,Don't recall,Yes,Yes,Don't recall,Don't recall,Don't recall,Don't recall,Don't recall,Don't recall,No,No,No,No,No,No,No,No,No,No,No,No,No,No,No,No,No Impact,No Impact,No Impact,No Impact,Computer Science,Yes,Yes,No,No,Yes,Yes,Yes,Yes,Yes,Yes,No,No,Yes,Yes,No,No,No,No,No,No,No,Man,19-20
2024/09/13 11:59:21 AM AST,CMP 131 Fundamentals of Programming (Python),Yes,Yes,Yes,Yes,Yes,No,No,No,No,No,Yes,No,No,Don't recall,No,No,No,No,No,No,No,No,No,No,No,No,No,No,No,No,Some Impact,No Impact,No Impact,No Impact,Computer Science (Data Science Option),,,,,,,,No Response,No Response,No Response,No Response,No Response,No Response,No Response,,,,No Response,No Response,No Response,,Man,18 and younger
2024/09/13 11:59:40 AM AST,CMP 131 Fundamentals of Programming (Python),Yes,No,No,Yes,No,Yes,No,Yes,No,No,No,No,No,No,No,No,No,Yes,No,No,No,No,No,No,No,No,No,No,No,No,No Impact,No Impact,No Impact,No Impact,Computer Science,Yes,Yes,No,Yes,Yes,Yes,No,No,Yes,No,Yes,Yes,No,No,Yes,No,No,No,No,No,No,Man,35-64
2024/09/13 11:59:56 AM AST,CMP 131 Fundamentals of Programming (Python),No,No,Yes,Yes,Yes,No,Yes,Yes,No,No,No,No,No,No,No,No,No,No,No,No,No,No,No,No,No,No,No,No,No,No,No Impact,No Impact,No Impact,No Impact,Computer Science,Yes,Yes,No,No,No,No,No,No,No,No,No,No,Yes,No,Yes,No,Don't recall,No,No,No,No,Man,18 and younger
2024/09/13 12:00:22 PM AST,CMP 131 Fundamentals of Programming (Python),No,No,Yes,Yes,No,Yes,No,No,No,No,No,No,No,No,No,No,No,No,No,No,No,No,No,No,No,No,No,No,No,No,No Impact,No Impact,No Impact,No Impact,Computer Science,Yes,Yes,No,No,No,No,No,No,No,No,No,No,No,No,No,No,No,No,No,No,No,Man,19-20
2024/09/13 12:01:16 PM AST,CMP 131 Fundamentals of Programming (Python),No,No,Yes,Yes,Yes,Yes,Yes,Yes,No,No,No,No,No,Yes,No,No,Yes,No,No,No,No,No,No,No,Yes,No,No,No,No,No,High Impact,,High Impact,,CIS Game Development Option,Yes,Yes,No,Yes,No,Yes,No,No,Yes,No,No,Yes,Yes,Yes,No,No,Yes,No,No,No,Yes,Man,18 and younger
2024/09/13 12:01:27 PM AST,CMP 131 Fundamentals of Programming (Python),No,Yes,No,Yes,No,No,Yes,Yes,No,No,No,No,No,No,No,No,No,No,No,Yes,No,No,No,No,No,Yes,No,No,No,No,Some Impact,No Impact,No Impact,No Impact,Communications,,,,,,,,No Response,No Response,No Response,No Response,No Response,No Response,No Response,,,,No Response,No Response,No Response,,Man,19-20
2024/09/13 12:01:30 PM AST,CMP 131 Fundamentals of Programming (Python),Yes,Yes,Yes,Yes,Yes,No,Yes,Yes,No,No,No,No,No,No,Yes,No,No,No,No,No,No,No,No,Yes,No,Yes,No,No,No,No,No Impact,No Impact,,,MET,,,,,,,,No Response,No Response,No Response,No Response,No Response,No Response,No Response,,,,No Response,No Response,No Response,,Man,25-34
2024/09/13 12:01:40 PM AST,CMP 131 Fundamentals of Programming (Python),Yes,No,No,Yes,Yes,Yes,Yes,No,No,No,Yes,No,No,No,No,No,No,Yes,No,No,No,No,No,No,No,No,No,No,No,No,Some Impact,,,,Computer Science,Yes,Yes,No,Yes,Yes,Yes,No,No,No,Yes,Yes,Yes,Yes,Yes,Yes,Yes,Yes,No,No,No,Don't recall,Man,21-24
2024/09/13 12:04:49 PM AST,CMP 131 Fundamentals of Programming (Python),Yes,Yes,Yes,Yes,Don't recall,Don't recall,Don't recall,Don't recall,Don't recall,No,No,No,No,No,No,Yes,Yes,No,No,No,No,No,No,No,No,No,No,No,No,No,No Impact,No Impact,No Impact,No Impact,Data science,,,,,,,,No Response,No Response,No Response,No Response,No Response,No Response,No Response,,,,No Response,No Response,No Response,,Man,18 and younger
2024/09/13 12:04:51 PM AST,CMP 131 Fundamentals of Programming (Python),Yes,Yes,Yes,Yes,Don't recall,Don't recall,Don't recall,Don't recall,Don't recall,No,No,No,No,No,No,Yes,Yes,No,No,No,No,No,No,No,No,No,No,No,No,No,No Impact,No Impact,No Impact,No Impact,Data science,,,,,,,,No Response,No Response,No Response,No Response,No Response,No Response,No Response,,,,No Response,No Response,No Response,,Man,18 and younger
2024/09/13 12:04:55 PM AST,CMP 131 Fundamentals of Programming (Python),Yes,Yes,Yes,Yes,Don't recall,Don't recall,Don't recall,Don't recall,Don't recall,No,No,No,No,No,No,Yes,Yes,No,No,No,No,No,No,No,No,No,No,No,No,No,No Impact,No Impact,No Impact,No Impact,Data science,,,,,,,,No Response,No Response,No Response,No Response,No Response,No Response,No Response,,,,No Response,No Response,No Response,,Man,18 and younger
2024/09/13 3:43:58 PM AST,CMP 130 Intro to IT,Yes,No,Yes,Yes,Yes,No,Yes,No,No,No,No,No,No,No,Yes,Yes,No,No,No,Yes,No,No,No,No,Yes,No,No,No,No,No,High Impact,High Impact,High Impact,No Impact,Computer Science,Yes,Yes,No,Yes,No,Yes,No,No,Yes,No,Yes,Yes,Yes,No,Yes,Yes,Yes,No,No,No,No,Prefer not to say,19-20
2024/09/14 7:27:21 PM AST,CMP 128 Computer Science I,No,No,No,Yes,No,No,No,No,No,No,No,No,No,No,No,No,No,No,No,No,No,No,No,No,No,No,No,No,No,No,Some Impact,No Impact,No Impact,No Impact,Computer Science,Yes,No,No,Yes,No,Yes,No,No,No,No,No,Yes,Yes,No,No,No,No,No,No,No,Yes,Woman,19-20
2024/09/15 10:47:24 AM AST,CMP 130 Intro to IT,Yes,No,No,Yes,Don't recall,No,Yes,Yes,No,No,No,No,No,Don't recall,Yes,No,Not Sure,No,No,No,No,No,No,Not Sure,Yes,Yes,No,No,No,No,High Impact,Some Impact,No Impact,No Impact,Undecided,,,,,,,,No Response,No Response,No Response,No Response,No Response,No Response,No Response,,,,No Response,No Response,No Response,,Man,18 and younger
2024/09/15 6:57:51 PM AST,CMP 239 Internet & Web Page Design,Yes,Yes,No,Yes,Yes,Yes,Yes,Yes,No,No,No,No,No,Don't recall,No,No,Not Sure,No,No,Yes,No,No,No,Yes,No,Yes,No,No,No,No,No Impact,No Impact,No Impact,No Impact,Information Technology,Yes,No,No,Yes,No,Yes,No,No,Yes,No,Yes,Yes,No,No,Yes,Yes,Yes,No,No,No,Don't recall,Woman,21-24
2024/09/15 7:04:13 PM AST,CMP 239 Internet & Web Page Design,Yes,No,Yes,Yes,No,No,No,Yes,No,No,No,No,No,Don't recall,No,No,No,No,No,No,No,No,No,Yes,No,Yes,No,No,No,No,,,,,Information Technology & Info Security Certificate,,,,,,,,No Response,No Response,No Response,No Response,No Response,No Response,No Response,,,,No Response,No Response,No Response,,Woman,21-24
2024/09/15 9:42:15 PM AST,CMP 131 Fundamentals of Programming (Python),No,No,No,Yes,No,Yes,No,No,No,No,Yes,Yes,Yes,No,No,No,No,No,No,No,No,No,No,No,No,No,No,No,No,No,Some Impact,No Impact,No Impact,No Impact,Engineering Science / Mechanical Engineering Technology,,,,,,,,No Response,No Response,No Response,No Response,No Response,No Response,No Response,,,,No Response,No Response,No Response,,Man,35-64
2024/09/16 9:44:01 AM AST,CMP 128 Computer Science I,No,No,No,Yes,Yes,No,No,No,No,No,No,No,No,No,No,No,No,No,No,No,No,No,No,No,No,No,No,No,No,No,Some Impact,,No Impact,No Impact,Undecided,,,,,,,,No Response,No Response,No Response,No Response,No Response,No Response,No Response,,,,No Response,No Response,No Response,,Man,18 and younger
2024/09/16 9:45:10 AM AST,CMP 128 Computer Science I,No,No,Yes,Yes,Yes,Yes,Yes,Yes,No,No,No,No,No,No,No,No,No,No,No,No,No,No,No,Yes,No,No,No,No,No,No,Some Impact,Some Impact,No Impact,No Impact,Mechanical Technology,,,,,,,,No Response,No Response,No Response,No Response,No Response,No Response,No Response,,,,No Response,No Response,No Response,,Man,21-24
2024/09/16 9:45:28 AM AST,CMP 128 Computer Science I,No,No,No,Yes,No,No,No,Yes,No,No,No,No,No,No,No,Yes,No,No,No,No,No,No,No,No,No,No,No,No,No,No,High Impact,No Impact,High Impact,No Impact,Computer Science,Yes,Yes,No,No,No,Yes,No,No,No,No,No,Yes,No,No,No,Yes,No,No,No,No,No,Man,18 and younger
2024/09/16 9:45:40 AM AST,CMP 128 Computer Science I,Yes,No,No,Yes,No,No,No,No,No,No,No,No,No,No,No,No,No,No,No,No,No,No,No,No,No,No,No,No,No,No,No Impact,Some Impact,No Impact,No Impact,Information Technology,Yes,No,No,Yes,Yes,Yes,No,No,Yes,Yes,Yes,No,No,No,Yes,Yes,No,No,No,No,No,Man,21-24
2024/09/16 9:45:52 AM AST,CMP 128 Computer Science I,No,No,No,Yes,Yes,No,Yes,No,No,No,No,No,No,No,No,No,Yes,Yes,No,No,No,No,No,Yes,Yes,Yes,Not Sure,No,No,No,No Impact,Some Impact,No Impact,No Impact,Computer Science,Yes,Yes,No,Yes,No,No,No,No,Yes,No,Yes,Yes,Yes,No,No,Yes,Yes,No,No,No,No,Man,18 and younger
2024/09/16 9:46:57 AM AST,CMP 128 Computer Science I,No,No,No,No,No,No,No,No,No,No,No,No,No,No,Yes,No,No,Yes,No,No,No,No,No,No,No,Yes,No,No,No,Yes,,,,No Impact,Computer Science,Yes,Yes,No,No,No,No,No,No,Yes,Yes,Yes,No,No,No,No,No,No,No,No,No,No,Woman,19-20
2024/09/16 9:47:12 AM AST,CMP 128 Computer Science I,Yes,No,No,Yes,No,No,No,Yes,No,No,No,No,No,No,No,No,No,No,No,No,No,No,No,No,No,Yes,No,No,No,No,Some Impact,High Impact,No Impact,No Impact,Mechanical Engineering,,,,,,,,No Response,No Response,No Response,No Response,No Response,No Response,No Response,,,,No Response,No Response,No Response,,Man,18 and younger
2024/09/16 9:48:31 AM AST,CMP 128 Computer Science I,No,Don't recall,Yes,Yes,Yes,Don't recall,Yes,Yes,Don't recall,Don't recall,Don't recall,Don't recall,Don't recall,Don't recall,No,No,No,No,No,No,No,No,No,Yes,No,Yes,No,No,No,No,Some Impact,No Impact,No Impact,No Impact,Mechanical Engineering Tech,,,,,,,,No Response,No Response,No Response,No Response,No Response,No Response,No Response,,,,No Response,No Response,No Response,,Man,18 and younger
2024/09/16 9:48:48 AM AST,CMP 128 Computer Science I,Yes,No,No,Yes,Yes,No,Yes,Yes,No,No,No,No,No,No,No,No,Yes,Yes,No,No,No,No,No,Yes,Yes,Yes,No,No,No,No,Some Impact,High Impact,No Impact,No Impact,Computer Science,Yes,Yes,No,No,No,Yes,No,No,Yes,No,Yes,Yes,Yes,No,No,Yes,Yes,No,No,No,No,Man,18 and younger
2024/09/16 9:49:17 AM AST,CMP 128 Computer Science I,No,No,Yes,No,No,No,No,Yes,No,No,No,No,No,Don't recall,No,No,Yes,No,No,Yes,No,No,No,Yes,No,Yes,No,No,No,No,No Impact,No Impact,No Impact,No Impact,Associates of Fine Arts Concentration Architecture,,,,,,,,No Response,No Response,No Response,No Response,No Response,No Response,No Response,,,,No Response,No Response,No Response,,Man,19-20
2024/09/16 9:49:23 AM AST,CMP 128 Computer Science I,No,No,No,Yes,No,No,Yes,No,No,No,No,No,No,No,Yes,No,Not Sure,No,No,Yes,No,No,No,Yes,No,Yes,No,No,No,No,High Impact,,,,Computer Science,Yes,Yes,No,No,No,No,No,No,No,No,Yes,No,Yes,Don't recall,Don't recall,Yes,Yes,No,No,No,No,Man,18 and younger
2024/09/16 9:50:10 AM AST,CMP 128 Computer Science I,Yes,No,No,Yes,No,No,No,No,No,No,No,No,No,No,No,No,No,No,No,No,No,No,No,No,No,No,No,No,No,No,No Impact,No Impact,No Impact,No Impact,Non Degree seeking,,,,,,,,No Response,No Response,No Response,No Response,No Response,No Response,No Response,,,,No Response,No Response,No Response,,Man,19-20
2024/09/16 9:50:20 AM AST,CMP 128 Computer Science I,No,No,No,Yes,No,Yes,No,No,No,No,No,No,No,No,No,No,Yes,Yes,No,No,No,No,No,No,No,Yes,No,No,No,No,Some Impact,No Impact,Some Impact,,Mechanical Engineering Technology,,,,,,,,No Response,No Response,No Response,No Response,No Response,No Response,No Response,,,,No Response,No Response,No Response,,Man,18 and younger
2024/09/16 9:53:49 AM AST,CMP 128 Computer Science I,No,No,Yes,Yes,No,No,No,No,No,No,No,No,No,No,Yes,No,Not Sure,No,No,Yes,No,No,No,Yes,No,Yes,No,No,No,No,High Impact,No Impact,No Impact,No Impact,Computer Science,Yes,Yes,No,No,No,No,No,No,Yes,No,Yes,No,Don't recall,No,Yes,Yes,Yes,No,No,No,No,Man,18 and younger
2024/09/16 9:56:07 AM AST,CMP 128 Computer Science I,Yes,No,No,Yes,No,No,No,No,No,No,No,No,No,No,No,No,No,No,No,No,No,No,No,No,No,No,No,No,No,No,No Impact,No Impact,No Impact,No Impact,Non Degree seeking,,,,,,,,No Response,No Response,No Response,No Response,No Response,No Response,No Response,,,,No Response,No Response,No Response,,Man,19-20
2024/09/16 9:56:22 AM AST,CMP 128 Computer Science I,No,No,No,Yes,No,Yes,No,No,No,No,No,No,No,No,No,No,Yes,Yes,No,No,No,No,No,No,No,No,No,No,No,No,Some Impact,No Impact,Some Impact,,Mechanical Engineering Technology,,,,,,,,No Response,No Response,No Response,No Response,No Response,No Response,No Response,,,,No Response,No Response,No Response,,Man,18 and younger
2024/09/16 9:58:01 AM AST,CMP 128 Computer Science I,No,No,No,No,Yes,No,Yes,Yes,No,No,No,No,No,No,No,No,No,No,No,No,No,No,No,No,Yes,No,No,No,No,No,Some Impact,Some Impact,No Impact,No Impact,Information Technology,Yes,Yes,No,No,Yes,Yes,Yes,No,No,Yes,Yes,Yes,Yes,No,No,No,No,No,No,No,No,Man,19-20
2024/09/16 11:01:21 AM AST,CMP 128 Computer Science I,No,No,No,No,No,No,Don't recall,Don't recall,No,No,No,No,No,Yes,No,No,Yes,No,No,No,No,No,No,No,No,Yes,No,No,No,No,No Impact,No Impact,,,Mechanical Engineering Technologist,,,,,,,,No Response,No Response,No Response,No Response,No Response,No Response,No Response,,,,No Response,No Response,No Response,,Man,21-24
2024/09/16 12:44:50 PM AST,CMP 128 Computer Science I,Yes,No,No,Yes,Yes,No,No,No,No,Yes,Yes,No,No,No,No,No,Yes,No,No,No,No,No,No,No,No,Yes,No,No,No,No,No Impact,No Impact,No Impact,No Impact,Computer Science,Yes,Yes,No,Yes,Yes,Yes,No,No,Yes,Yes,Yes,Yes,No,No,Yes,Yes,No,No,No,No,No,Woman,25-34
2024/09/16 12:48:27 PM AST,CMP 128 Computer Science I,Yes,No,No,Yes,Yes,No,No,No,No,Yes,Yes,No,No,No,No,No,Yes,No,No,No,No,No,No,No,No,Yes,No,No,No,No,No Impact,No Impact,No Impact,No Impact,Computer Science,Yes,Yes,No,Yes,Yes,Yes,No,No,Yes,Yes,Yes,Yes,No,No,Yes,Yes,No,No,No,No,No,Woman,25-34
2024/09/16 1:46:54 PM AST,CMP 128 Computer Science I,Yes,Yes,No,No,No,No,No,No,No,No,No,No,No,No,No,No,No,No,No,No,No,No,No,No,No,No,No,No,No,No,Some Impact,Some Impact,No Impact,No Impact,Web Development Certificate of Achievement,Yes,No,No,Yes,Yes,Yes,No,No,No,No,No,Yes,No,No,Yes,No,No,No,No,No,No,Man,19-20
2024/09/16 9:28:34 PM AST,CMP 128 Computer Science I,Yes,No,No,No,Yes,No,No,No,No,No,No,No,No,No,Yes,No,Yes,Yes,No,No,No,No,No,No,No,No,No,No,No,No,No Impact,No Impact,No Impact,No Impact,Information Technology,Yes,Yes,No,Yes,Yes,Yes,Yes,No,Yes,Yes,Yes,Yes,No,No,Yes,Yes,Yes,No,No,No,No,Man,35-64
2024/09/16 9:31:32 PM AST,CMP 128 Computer Science I,Yes,Yes,No,Yes,No,No,No,No,No,No,No,No,No,No,Yes,No,Yes,Yes,No,No,No,No,No,No,No,No,No,No,No,No,No Impact,No Impact,No Impact,No Impact,Information Technology,Yes,Yes,No,Yes,Yes,Yes,Yes,No,Yes,Yes,Yes,Yes,No,No,Yes,Yes,Yes,No,No,No,No,Man,35-64
2024/09/17 10:06:33 AM AST,CMP 128 Computer Science I,Yes,Yes,Yes,Yes,Yes,Yes,No,No,No,Yes,Yes,Yes,Yes,Yes,No,No,No,No,No,No,No,No,No,No,No,No,No,No,No,No,Some Impact,Some Impact,,,Electrical Engineering w/ biomed option,,,,,,,,No Response,No Response,No Response,No Response,No Response,No Response,No Response,,,,No Response,No Response,No Response,,Man,25-34
2024/09/19 10:24:59 PM AST,CMP 128 Computer Science I,Yes,No,No,No,No,No,Yes,Yes,No,No,No,Yes,No,No,Yes,No,No,No,No,No,No,No,No,No,No,No,No,No,No,No,,,,,CIS Game Development Option,Yes,Yes,No,Yes,No,No,No,No,Yes,Yes,Yes,Yes,No,Yes,Yes,No,No,No,No,No,No,Man,19-20
2024/09/19 10:27:44 PM AST,CMP 128 Computer Science I,Yes,No,No,Yes,No,No,Yes,Yes,No,No,Yes,Yes,No,No,Yes,No,No,No,No,No,No,No,No,No,No,No,No,No,No,No,,,,,CIS Game Development Option,Yes,Yes,No,Yes,No,No,No,No,No,Yes,Yes,Yes,Yes,Yes,No,No,No,No,No,No,No,Man,19-20
2024/09/21 4:14:33 PM AST,CMP 128 Computer Science I,No,No,No,Yes,Yes,Yes,No,No,No,No,No,No,No,No,No,No,No,No,No,No,No,No,No,No,No,No,No,No,No,No,No Impact,No Impact,No Impact,No Impact,"Technical Studies, Applied Associate of Science",Yes,Yes,No,Yes,Yes,Yes,No,No,No,No,No,No,No,No,No,No,No,No,No,No,No,Man,21-24
2024/09/21 11:25:37 PM AST,CMP 128 Computer Science I,Yes,No,No,No,Yes,Yes,No,Yes,No,No,No,No,No,No,No,No,No,No,No,No,No,No,No,No,No,No,No,No,No,No,High Impact,High Impact,No Impact,No Impact,Mechanical engineering technology,,,,,,,,No Response,No Response,No Response,No Response,No Response,No Response,No Response,,,,No Response,No Response,No Response,,Man,19-20
2024/09/21 11:48:22 PM AST,CMP 128 Computer Science I,Yes,No,No,No,No,No,No,No,No,No,No,No,No,No,No,No,No,No,No,No,No,No,No,No,No,No,No,No,No,No,No Impact,No Impact,No Impact,No Impact,Mech e,,,,,,,,No Response,No Response,No Response,No Response,No Response,No Response,No Response,,,,No Response,No Response,No Response,,Man,19-20
2024/09/21 11:53:32 PM AST,CMP 128 Computer Science I,Yes,No,No,No,No,No,No,No,No,No,No,No,No,No,No,No,No,No,No,No,No,No,No,No,No,No,No,No,No,No,No Impact,No Impact,No Impact,No Impact,Mech E,,,,,,,,No Response,No Response,No Response,No Response,No Response,No Response,No Response,,,,No Response,No Response,No Response,,Man,19-20
2024/09/22 8:09:39 AM AST,CMP 128 Computer Science I,No,No,No,Yes,No,No,No,No,No,No,No,No,No,No,No,No,No,No,No,No,No,No,No,No,No,No,No,No,No,No,No Impact,No Impact,Some Impact,No Impact,Mechanical Engineering,,,,,,,,No Response,No Response,No Response,No Response,No Response,No Response,No Response,,,,No Response,No Response,No Response,,Man,21-24
2024/09/22 11:56:05 AM AST,CMP 128 Computer Science I,No,No,No,Yes,Yes,No,No,No,No,No,No,No,No,No,No,No,No,No,No,No,No,No,No,No,No,No,No,No,No,No,Some Impact,,,,Non Degree seeking,,,,,,,,No Response,No Response,No Response,No Response,No Response,No Response,No Response,,,,No Response,No Response,No Response,,Man,19-20
2024/09/22 3:10:08 PM AST,CMP 128 Computer Science I,No,No,No,Yes,No,No,No,No,No,No,No,No,No,No,No,No,No,No,No,No,No,No,No,No,No,No,No,No,No,No,No Impact,High Impact,No Impact,No Impact,Computer Science,Yes,Yes,No,Yes,No,No,No,No,No,No,Yes,No,No,No,No,No,No,No,No,No,No,Man,19-20
2024/09/22 3:13:34 PM AST,CMP 128 Computer Science I,Yes,No,No,Yes,No,No,No,No,No,No,No,No,No,No,No,No,No,No,No,No,No,No,No,No,No,No,No,No,No,No,No Impact,High Impact,No Impact,No Impact,Computer Science,Yes,Yes,No,Yes,No,No,No,No,No,No,Yes,No,No,No,No,No,No,No,No,No,No,Man,19-20
2024/09/22 6:32:46 PM AST,CMP 128 Computer Science I,Don't recall,Don't recall,Don't recall,Don't recall,Yes,Don't recall,Don't recall,Don't recall,Don't recall,Don't recall,Yes,Don't recall,Don't recall,Yes,No,No,No,No,No,No,No,No,No,No,No,No,No,No,No,No,High Impact,No Impact,No Impact,No Impact,Information Technology,Yes,Yes,No,Yes,No,Yes,No,Yes,Yes,Yes,Yes,Yes,No,No,No,No,No,No,No,No,No,Man,19-20
2024/09/22 8:51:18 PM AST,CMP 128 Computer Science I,Yes,No,No,Yes,No,No,No,Yes,No,No,No,No,No,No,Yes,No,No,Yes,No,No,No,No,No,No,No,No,No,No,No,No,No Impact,No Impact,No Impact,No Impact,Information Technology,Yes,Yes,No,Yes,No,Yes,No,No,No,No,No,No,Yes,Yes,Don't recall,Don't recall,Yes,Don't recall,Don't recall,Don't recall,Don't recall,Man,19-20
2024/09/22 9:17:23 PM AST,CMP 128 Computer Science I,Yes,Don't recall,No,No,No,No,Yes,Yes,No,No,No,No,No,No,No,No,No,No,No,No,No,No,No,No,No,Yes,No,No,No,No,No Impact,No Impact,No Impact,No Impact,Computer Science,Yes,Yes,No,No,No,No,No,No,No,No,Yes,Yes,No,No,Yes,Yes,Yes,No,No,No,No,Man,19-20
2024/09/22 11:07:28 PM AST,CMP 128 Computer Science I,Yes,No,No,Yes,Yes,Yes,Yes,No,No,No,No,No,No,No,No,No,No,No,No,No,No,No,No,No,No,No,No,No,No,No,No Impact,No Impact,No Impact,No Impact,Computer Science,No,No,No,Yes,No,Yes,No,No,Yes,No,No,Yes,Don't recall,Don't recall,Don't recall,Don't recall,Don't recall,Don't recall,Don't recall,Don't recall,Don't recall,Man,19-20
2024/09/27 1:01:23 PM AST,CMP 131 Fundamentals of Programming (Python),No,No,No,Yes,Yes,Yes,No,No,No,Yes,No,No,No,No,No,No,Yes,No,No,No,No,No,No,No,No,No,Yes,No,No,No,No Impact,No Impact,No Impact,No Impact,Data Analytics Certificate of Achievement,Yes,No,No,Yes,Yes,Yes,No,No,Yes,Yes,No,Yes,No,No,No,Yes,Yes,Yes,Yes,Yes,No,Man,25-34
